{"pred_mean": 0.49309512972831726, "pred_std": 0.009067433886229992, "state": "ca"}