{"pred_mean": 0.499610960483551, "pred_std": 0.002551215933635831, "state": "va"}